Citra,Class,energy0,contras0,homogenity0,correlation0,energy45,contras45,homogenity45,correlation45,energy90,contras90,homogenity90,correlation90,energy135,contras135,homogenity135,correlation135,energy_mean,contras_mean,homogenity_mean,correlation_mean
Apple Golden 1/r_167_100.jpg,G1,0.014619417796201354,0.1554693384659351,184.35578689528575,0.970651369562227,0.01059480944261541,0.0038372160852356814,3639.3078228172835,0.3445421038840565,0.019934238979222713,0.0010089048418743622,3487.07645215836,1.0777467543779435,0.010558523024928419,0.005260058460261825,3692.3780055571556,0.3354121661525473,0.010558523024928419,0.005260058460261825,3692.3780055571556,0.3354121661525473
Apple Golden 1/r_212_100.jpg,G1,0.014574063047580271,0.16632042767637667,162.28611281213787,0.9756950678394876,0.010416074702602484,0.0031094366399476658,3822.813581601429,0.35073874999359983,0.020052950660131946,0.0012354654877891101,3702.7488841526524,1.1068837580346536,0.0103311485483363,0.0032054766839732527,3894.5852381760315,0.33889357614699,0.0103311485483363,0.0032054766839732527,3894.5852381760315,0.33889357614699
Apple Golden 1/r_258_100.jpg,G1,0.01551859164938004,0.19017090509383908,196.925018711303,0.9719600256108173,0.010968820487300896,0.004095861644429334,3789.282266049399,0.39492283791422067,0.019928494905327564,0.0018026980194634373,3629.854227350746,1.032195288869988,0.011264440034238571,0.004050990114196105,3855.36226698957,0.3839546477274489,0.011264440034238571,0.004050990114196105,3855.36226698957,0.3839546477274489
Apple Golden 1/274_100.jpg,G1,0.01946587880503805,0.26822967352224614,110.59005239164522,0.9852352397441582,0.013463440712274415,0.002031701672139004,4893.7594234158905,0.24278731608886567,0.026673724267729168,0.0010882094720751348,4803.355857506603,1.2001308314857753,0.013946832558221562,0.0023130678084507072,4922.342112038062,0.23832226334855872,0.013946832558221562,0.0023130678084507072,4922.342112038062,0.23832226334855872
Apple Golden 1/305_100.jpg,G1,0.019822217847744076,0.27934819298593927,136.32428386745627,0.9827459254480297,0.01344681432654319,0.0026831173987264816,4723.530903590551,0.3201960513499811,0.027185575414959817,0.001060971574803592,4607.236662677487,1.1343688417749271,0.013708111152014242,0.002395663103535826,4761.776327856524,0.3147372530244596,0.013708111152014242,0.002395663103535826,4761.776327856524,0.3147372530244596
Apple Golden 1/12_100.jpg,G1,0.0184116869545536,0.26399689173155166,237.49261754099592,0.9680449080306588,0.01262371254516079,0.0032536488109020574,4519.734206818814,0.3100559487656697,0.02410829374835933,0.001403666875744441,4312.3507534104265,1.1377586342651549,0.01270950916540913,0.0020061098661950097,4582.922170706855,0.3001428330685985,0.01270950916540913,0.0020061098661950097,4582.922170706855,0.3001428330685985
Apple Golden 1/r_265_100.jpg,G1,0.016110732341871097,0.20224860402254796,155.1011771109749,0.9780742057179618,0.011369071281039457,0.004028980397309985,3765.8511175810418,0.404108114388599,0.02111409157458543,0.0016712587441404878,3647.9283594649696,1.0289562254752092,0.011791463501402448,0.004810320860122855,3823.3412520014463,0.3955487908107417,0.011791463501402448,0.004810320860122855,3823.3412520014463,0.3955487908107417
Apple Golden 1/r_185_100.jpg,G1,0.014618626089534043,0.16247635523093062,165.7372933251685,0.9754084490538283,0.010439817315452087,0.004056456432905933,3668.3935847834273,0.3925896234187408,0.020333907646277512,0.0012317076731011463,3541.645484492412,1.051857392652471,0.010401228583345226,0.0043542796752194255,3742.58226813831,0.3804271617509365,0.010401228583345226,0.0043542796752194255,3742.58226813831,0.3804271617509365
Apple Golden 1/264_100.jpg,G1,0.01814631943045323,0.2468939168948285,108.66319657072903,0.9857427271607458,0.012859708212692464,0.0023203989272276063,4862.294179324007,0.26253486061047515,0.025849921604052237,0.001080523891542073,4772.148892376056,1.212556186455813,0.013090215232160146,0.002535003209200014,4891.578441564944,0.25838062544290097,0.013090215232160146,0.002535003209200014,4891.578441564944,0.25838062544290097
Apple Golden 1/r_311_100.jpg,G1,0.016796024340745,0.21107433059793784,170.60277607675107,0.9751929726352561,0.01194965254713844,0.0032391532992768228,4249.0411881596165,0.2896136304019444,0.022309965270432667,0.0010209933997235073,4109.106319875666,1.1303213775944434,0.011899034323848826,0.002954145999491061,4307.166864610957,0.2795921146444473,0.011899034323848826,0.002954145999491061,4307.166864610957,0.2795921146444473
Apple Golden 1/r_229_100.jpg,G1,0.014893153216999383,0.15732046199197908,173.70361298224134,0.9718296096195578,0.010617607096112683,0.0035018951081560146,3929.350617778634,0.25740260879438975,0.020059190763267076,0.0011712853315339364,3809.2194011444435,1.1732040755124455,0.010769516831260609,0.0031048199863948785,4007.1812653744378,0.24250906394753516,0.010769516831260609,0.0031048199863948785,4007.1812653744378,0.24250906394753516
Apple Golden 1/251_100.jpg,G1,0.015899065707533636,0.18599748035893943,141.95223515003045,0.9810441039646045,0.01175791590747705,0.0030092355157452164,4715.578421495484,0.274603043247791,0.024127593445661597,0.001050056992873286,4595.865480912161,1.1683909837512374,0.011695307006274016,0.003396759410483386,4755.197149248248,0.2685013146235272,0.011695307006274016,0.003396759410483386,4755.197149248248,0.2685013146235272
Apple Golden 1/177_100.jpg,G1,0.01662209319953978,0.20552101016805951,95.49608763693189,0.9867433310201127,0.012228318848939018,0.0020076324397547275,4551.975354228722,0.26162506968886756,0.02286266631059439,0.0009549383890105278,4486.248747612748,1.2253881032342115,0.01196107111340819,0.0031837234349460356,4603.527528191638,0.25331134657531934,0.01196107111340819,0.0031837234349460356,4603.527528191638,0.25331134657531934
Apple Golden 1/r_28_100.jpg,G1,0.017141900748526576,0.22440565290206,136.1500986595892,0.980801141671867,0.012012231130223639,0.0027051993773923,4528.394239218127,0.25690531547950307,0.022315136193297034,0.0011940458745607185,4425.012794024932,1.2156222507184313,0.011898215819106914,0.0027399349117673746,4585.5959804875365,0.24785929138423687,0.011898215819106914,0.0027399349117673746,4585.5959804875365,0.24785929138423687
Apple Golden 1/r_260_100.jpg,G1,0.015654850251322235,0.19151316471973626,176.58617404912667,0.9749256915737461,0.011013123752674677,0.004623818540544066,3756.6750266531003,0.40283497491881276,0.020120869816500072,0.0017908323383569002,3623.8405953499673,1.0272872868821232,0.011363413171437617,0.00472069787607296,3827.8164956218425,0.3915919550520653,0.011363413171437617,0.00472069787607296,3827.8164956218425,0.3915919550520653
Apple Golden 1/r_207_100.jpg,G1,0.014607933849890403,0.17024434677156486,142.41368986868073,0.9791430249154162,0.010405323719252756,0.0031265572615472945,3787.766957208871,0.3757700634038629,0.020475253084568962,0.0009950246927591657,3692.3513689374545,1.0839609158912942,0.010352822375737205,0.0035025247015452953,3869.7225585643764,0.3621984532338766,0.010352822375737205,0.0035025247015452953,3869.7225585643764,0.3621984532338766
Apple Golden 1/r_187_100.jpg,G1,0.014595013522019815,0.162604025182376,166.73246240729506,0.9754836835254108,0.010389820225437787,0.003740297923653881,3666.7249446333303,0.39968902043695276,0.0203205820077131,0.0012962509674267512,3540.0658835750446,1.0459097475675074,0.010324593954461864,0.004140230600335977,3742.6457869054707,0.38729343723686793,0.010324593954461864,0.004140230600335977,3742.6457869054707,0.38729343723686793
Apple Golden 1/195_100.jpg,G1,0.016137291312358405,0.20849543966694709,216.98237735592525,0.9742646707869442,0.011545609511854743,0.0027812813933809533,4677.581179954808,0.37479358989931566,0.021831205247508565,0.000951719431049104,4494.3168637055605,1.0460662335875963,0.011558016950389261,0.002014478900660831,4740.058813844971,0.3665102444480165,0.011558016950389261,0.002014478900660831,4740.058813844971,0.3665102444480165
Apple Golden 1/r_162_100.jpg,G1,0.014397406051877646,0.14812474496178343,206.08260189154421,0.9668350654646087,0.010470728238731441,0.004817290161164143,3611.617724523067,0.3429581741806179,0.01959661058590179,0.0010111141488957959,3434.395838955665,1.0750046422906128,0.010471346368861474,0.00487668772930466,3661.340993554592,0.33399932523116344,0.010471346368861474,0.00487668772930466,3661.340993554592,0.33399932523116344
Apple Golden 1/265_100.jpg,G1,0.018196382554748845,0.2533156259549092,103.73525209226344,0.9863785742685532,0.01279312745507812,0.0021570530303682946,4877.084267297861,0.2596328466698181,0.02619954559205549,0.0012150474294098145,4792.749013801245,1.2057970876942024,0.013190738813485188,0.0027416254149141223,4906.750969386347,0.25516050814922403,0.013190738813485188,0.0027416254149141223,4906.750969386347,0.25516050814922403
Apple Golden 1/r_234_100.jpg,G1,0.0152114846684539,0.1712602716223778,181.48887528067021,0.9701932282596598,0.010823309372716649,0.0031090416455077253,3901.4051932723123,0.2514114237818849,0.019600887375970818,0.0015180282550004314,3765.3738807460213,1.171412933792821,0.010870851731556679,0.0033034299346792243,3968.9847304708596,0.2395297587233427,0.010870851731556679,0.0033034299346792243,3968.9847304708596,0.2395297587233427
Apple Golden 1/196_100.jpg,G1,0.01585751736490569,0.20029709242726879,213.9514866979685,0.9747232745658314,0.011398090703107412,0.003137013781345109,4587.8475305118955,0.39214440565700986,0.021726510009480858,0.0010123247895349398,4410.535644069858,1.0291742646107427,0.011516701596291213,0.0025008321020705553,4653.989543386801,0.38351545720933794,0.011516701596291213,0.0025008321020705553,4653.989543386801,0.38351545720933794
Apple Golden 1/239_100.jpg,G1,0.015684542841713212,0.1799469039428545,148.071443151664,0.9794208517432041,0.01164892249807788,0.0033678859960460266,4790.235133324045,0.22327897539404498,0.02414096558446131,0.0009623586430276966,4659.26346649651,1.1991296310014266,0.011822919840146169,0.003744094546514466,4819.76949315945,0.218504178568561,0.011822919840146169,0.003744094546514466,4819.76949315945,0.218504178568561
Apple Golden 1/315_100.jpg,G1,0.019579232020473677,0.29156424082133797,176.38320745730442,0.977191092377825,0.013114314931685408,0.0023422174661917447,4805.208223615419,0.2895425651904441,0.02588580084563568,0.0011450300316809857,4651.532619959393,1.1680814099309325,0.013528938056057161,0.0018471488859542022,4851.3368234128875,0.28305107275668445,0.013528938056057161,0.0018471488859542022,4851.3368234128875,0.28305107275668445
Apple Golden 1/r_116_100.jpg,G1,0.013991092716543438,0.16685418072203448,214.78675920256026,0.9736523751347702,0.010003508532637085,0.0058129410346864216,3662.895273676792,0.5162743361405306,0.017103178974021884,0.0017913579777017713,3495.6694107650233,0.9179068379634665,0.009966199151462704,0.005536088317432657,3737.8879140132026,0.5064024013468673,0.009966199151462704,0.005536088317432657,3737.8879140132026,0.5064024013468673
Apple Golden 1/r_275_100.jpg,G1,0.01632185226831263,0.20804194960906278,145.66442131047143,0.9791058935781352,0.011299241444140311,0.0034545942796325693,3820.765043822961,0.3847917700365235,0.021601545427823905,0.0013517233233735308,3698.0872120130243,1.0470500874620257,0.011789087807513128,0.004091127629325108,3859.7140613547504,0.37881248592398914,0.011789087807513128,0.004091127629325108,3859.7140613547504,0.37881248592398914
Apple Golden 1/r_103_100.jpg,G1,0.014679935626495385,0.17671708498049477,267.73579642104,0.9700423003402004,0.010349172553659986,0.006809138010189386,3970.674327563583,0.5236126644737276,0.01763957288777271,0.0016906360436761865,3760.9867027893697,0.8937167845545458,0.010330864205678999,0.0052591930578266746,4062.9535653339467,0.5122471643039319,0.010330864205678999,0.0052591930578266746,4062.9535653339467,0.5122471643039319
Apple Golden 1/r_118_100.jpg,G1,0.01376054435110795,0.1610077973825051,204.96686398584964,0.9743971852158589,0.009895171840148691,0.005429537021626868,3637.1523591043774,0.5101792405818527,0.01713357661205902,0.001486877741550468,3476.741266408322,0.9247353106585082,0.009827823661249561,0.005384043829850235,3712.6307522472093,0.5004439220231278,0.009827823661249561,0.005384043829850235,3712.6307522472093,0.5004439220231278
Apple Golden 1/227_100.jpg,G1,0.015465174038752293,0.18126724302297426,150.4221269646869,0.9796916193626531,0.011265082256481032,0.0032871736873266067,4772.71878988941,0.2532207776146932,0.022962957389422813,0.0009409603296978456,4636.099144861676,1.1589019591254999,0.011410146647524247,0.003256023790455442,4795.852239937634,0.2495606885787866,0.011410146647524247,0.003256023790455442,4795.852239937634,0.2495606885787866
Apple Golden 1/r_209_100.jpg,G1,0.01474538639013849,0.17121624445009032,149.73436755800495,0.9779118889373043,0.01045026207924836,0.003402791695544564,3815.771276086021,0.36471414442491085,0.02042025274036801,0.0010136774641593216,3709.8224437582594,1.0934079289951812,0.010385707718455931,0.0029614950820881043,3892.477071379381,0.352188441613249,0.010385707718455931,0.0029614950820881043,3892.477071379381,0.352188441613249
Apple Golden 1/r_243_100.jpg,G1,0.01500680287182838,0.16331342581046848,214.06620398720943,0.9659029332796373,0.010810561389849186,0.0035169644783671467,3897.6715038477087,0.2777393129852129,0.019924834112135387,0.0013752679891838287,3742.9875187738785,1.1529721408702962,0.01096477859919239,0.002796663841733002,3983.0238787143753,0.2626511407536304,0.01096477859919239,0.002796663841733002,3983.0238787143753,0.2626511407536304
Apple Golden 1/r_109_100.jpg,G1,0.014381882543845396,0.16834066872436076,247.72538613322558,0.971306471654111,0.010169741633664676,0.005589841766919425,3861.9359858541766,0.5200329174870497,0.017507450236836995,0.0016290151481371112,3663.358324212083,0.9043182418166996,0.010165422443697189,0.004637608197212245,3939.791750008034,0.5102935412111061,0.010165422443697189,0.004637608197212245,3939.791750008034,0.5102935412111061
Apple Golden 1/r_282_100.jpg,G1,0.016209068779994878,0.2067091861689023,154.31516636048127,0.9776413476719523,0.011268316699543075,0.0034378990298924127,3856.9644162839177,0.36968307869672257,0.02170632595075472,0.001204034998604124,3730.5183108164274,1.0618287787277008,0.011591951115318574,0.004615817484302831,3907.197828177783,0.3623394166684668,0.011591951115318574,0.004615817484302831,3907.197828177783,0.3623394166684668
Apple Golden 1/r_285_100.jpg,G1,0.016437171520908827,0.21470773833714676,157.04871742532532,0.9772234890588472,0.011419341103489591,0.0034385006520382304,3925.630375417604,0.35714174942471305,0.02148509746988082,0.0012649449713695456,3796.1935139546003,1.0689011723722643,0.011714642795653277,0.005063738728115869,3973.748055262454,0.34993410639233835,0.011714642795653277,0.005063738728115869,3973.748055262454,0.34993410639233835
Apple Golden 1/0_100.jpg,G1,0.020450000392969077,0.2928714993172457,150.1420698101653,0.9787991696575642,0.013054253439023712,0.004484899931876107,4049.1380898121715,0.3605082455510068,0.02423495457950382,0.0018765690407272497,3914.28590328422,1.1225549756072593,0.01337770623794592,0.0032356870895211397,4083.7819456991556,0.355164861076253,0.01337770623794592,0.0032356870895211397,4083.7819456991556,0.355164861076253
Apple Golden 1/307_100.jpg,G1,0.020011371255435582,0.2896362156846963,140.71647274954148,0.9822917522671669,0.013459579014137685,0.0022533381023764044,4742.542373351618,0.3217798822380318,0.025427749387202936,0.0010689998444985737,4620.768446318939,1.142565671929618,0.013797471800858014,0.0028505069296284064,4782.880270277503,0.31605267477571247,0.013797471800858014,0.0028505069296284064,4782.880270277503,0.31605267477571247
Apple Golden 1/r_16_100.jpg,G1,0.017318029763388365,0.2201844215964719,163.5026876233253,0.9764511442606545,0.012190380884766563,0.0027747041861967752,4350.347535737039,0.2758162855545903,0.02317334341569733,0.001002307788841976,4217.860763956254,1.163771459668948,0.012050663516535191,0.003056570203530522,4408.457175300249,0.2657441440086926,0.012050663516535191,0.003056570203530522,4408.457175300249,0.2657441440086926
Apple Golden 1/r_21_100.jpg,G1,0.017110340493610005,0.21959653014316843,153.56678233653125,0.9779720924434346,0.012076225817285638,0.002875698379812122,4455.50112937872,0.25702492556966666,0.02267885235490733,0.0010148120900616317,4333.452760034549,1.1921358055495406,0.011835021911771592,0.0030317880098874083,4512.579901292261,0.2474602332315908,0.011835021911771592,0.0030317880098874083,4512.579901292261,0.2474602332315908
Apple Golden 1/289_100.jpg,G1,0.02058504642520954,0.28720791511927574,141.46989181465665,0.981517535864341,0.014004674491246608,0.0022339000213151545,4938.123223787342,0.25713507619549125,0.028196915100243938,0.001052773068918874,4812.755343661145,1.1564231402218301,0.014598976821223667,0.002372511369701856,4972.007832977557,0.2521153038071933,0.014598976821223667,0.002372511369701856,4972.007832977557,0.2521153038071933
Apple Golden 1/122_100.jpg,G1,0.013184005033327282,0.11770992976488746,213.53140096618338,0.9609268856754593,0.010107156255542732,0.0058663879458835475,3285.197217205965,0.31080139759288217,0.019585921021709425,0.0009681633178006933,3092.8347308658667,1.1174514909012423,0.010082341742165291,0.005164677884147098,3322.6111679491805,0.3027934777427745,0.010082341742165291,0.005164677884147098,3322.6111679491805,0.3027934777427745
Apple Golden 1/16_100.jpg,G1,0.01829723648013342,0.25112436695214774,247.80594679186353,0.9666266950011624,0.012938038279516707,0.0027459955071633116,4601.741484431729,0.2955345635243589,0.024855016978555754,0.0011501644632224762,4385.472884550897,1.13870738982975,0.012811743036368282,0.0019908592855510695,4669.698588926156,0.2851336180661668,0.012811743036368282,0.0019908592855510695,4669.698588926156,0.2851336180661668
Apple Golden 1/r_15_100.jpg,G1,0.017407952605591498,0.22528216895561382,164.97128665714004,0.9759999672823968,0.012227273470962656,0.0025425366167740734,4361.48025015681,0.2645118820195835,0.023055356228912798,0.0010606375217420921,4224.806701379479,1.179553279541865,0.012100032991335089,0.003556068474832131,4415.523196928687,0.25514364134924544,0.012100032991335089,0.003556068474832131,4415.523196928687,0.25514364134924544
Apple Golden 1/233_100.jpg,G1,0.015260406091401967,0.17722790646923947,155.1368306457103,0.9786493109404153,0.011277575940795141,0.0030447259435806948,4821.931027332366,0.22690070820472963,0.022849348753091556,0.0009357769161168671,4681.070291911709,1.1841793629020332,0.011423166010526875,0.0033722680290420243,4844.3294285433185,0.2233126530755633,0.011423166010526875,0.0033722680290420243,4844.3294285433185,0.2233126530755633
Apple Golden 1/r_106_100.jpg,G1,0.014577318694719245,0.17959895646158192,269.20174185208157,0.9693931561706709,0.010243460922717417,0.005118023319278175,3883.4563936872205,0.5268378650700279,0.01770201044929983,0.0019041850865669549,3679.12860483455,0.8998647020671857,0.010202774649316832,0.005938814528604979,3981.2605499142137,0.515003747381824,0.010202774649316832,0.005938814528604979,3981.2605499142137,0.515003747381824
Apple Golden 1/r_104_100.jpg,G1,0.014573824800942254,0.1739720473643854,273.6565285432428,0.9692022041721101,0.010282785124930692,0.006359948728155673,3936.911588583285,0.5250007810893185,0.01770259680981142,0.0015717172186214205,3722.9723407236106,0.8932976861844892,0.010401411856061379,0.005431154790027359,4030.8229382941495,0.513930354778495,0.010401411856061379,0.005431154790027359,4030.8229382941495,0.513930354778495
Apple Golden 1/262_100.jpg,G1,0.017596156447013123,0.22979371489394002,122.48159488330961,0.9839775770161686,0.012438372123661893,0.002161340061963605,4768.453054556057,0.2834428378035939,0.0252962475115405,0.0010889481713330137,4667.1871699880285,1.172489565532338,0.01253866171729495,0.003275795184401996,4803.77836383031,0.2782118606692124,0.01253866171729495,0.003275795184401996,4803.77836383031,0.2782118606692124
Apple Golden 1/142_100.jpg,G1,0.014996155862913616,0.16045886702614343,141.79349527114292,0.9749354593673297,0.010912712829258939,0.0041121144313646454,3613.1542803852235,0.25521447927560703,0.022922072023590822,0.0009330671605700952,3493.098475082065,1.183841682492075,0.010907729145395425,0.004443132774853937,3650.319940654922,0.2477665646806061,0.010907729145395425,0.004443132774853937,3650.319940654922,0.2477665646806061
Apple Golden 1/r_188_100.jpg,G1,0.014710258537428307,0.16537575451525954,159.0276927264071,0.9766573281484348,0.010400079949026591,0.0035967148667510698,3642.6485383908994,0.40467294144831023,0.02036255330826518,0.0010868726825532943,3522.2366746773464,1.043920166049015,0.01036789407735356,0.0032307172602697165,3716.0532948951613,0.3930909915421765,0.01036789407735356,0.0032307172602697165,3716.0532948951613,0.3930909915421765
Apple Golden 1/114_100.jpg,G1,0.013089823238143143,0.12415953107622088,209.06198543920587,0.9634813148296184,0.01003993087713243,0.006191370618230087,3337.954083272297,0.33844306166473404,0.019735771673229912,0.0009165865493406174,3142.149571888848,1.0801072052973675,0.010038354483176599,0.0055103056959427245,3361.302495109186,0.3338308661734903,0.010038354483176599,0.0055103056959427245,3361.302495109186,0.3338308661734903
Apple Golden 1/r_123_100.jpg,G1,0.013726774853257299,0.159087436732441,193.49431856841628,0.9748924807211695,0.009913051576537582,0.0054432067539855735,3625.288651323423,0.49008471048271873,0.017184540056401153,0.0015514041996452254,3470.8088244301803,0.939801993708122,0.009888029133515868,0.005161354163542329,3688.6120837665603,0.48126803104917154,0.009888029133515868,0.005161354163542329,3688.6120837665603,0.48126803104917154
Apple Golden 2/r_167_100.jpg,G2,0.019736551367861094,0.2552550215139524,143.1204327413759,0.9762758286371271,0.013133508689895643,0.03987025968212482,3368.057467132613,0.3859399777443263,0.022167295182117124,0.020081205950001953,3252.9824566291063,0.9974981789402384,0.012970758608291071,0.024396226684822712,3419.1337873720754,0.37624001748948604,0.012970758608291071,0.024396226684822712,3419.1337873720754,0.37624001748948604
Apple Golden 2/r_212_100.jpg,G2,0.030570562682022625,0.41939623903762746,74.0936925903246,0.9873913710717469,0.018216243242303767,0.018443833602258968,3756.248300203348,0.2822418119007408,0.03148397588967385,0.01230339796771083,3696.3004028466917,1.109349856351992,0.017972496003252344,0.013574370941220985,3781.722349260538,0.27741055889909266,0.017972496003252344,0.013574370941220985,3781.722349260538,0.27741055889909266
Apple Golden 2/r_258_100.jpg,G2,0.023156425591920462,0.29546320752710403,113.12934612506042,0.9845329707240923,0.014520021144598308,0.028817178993270794,4118.094614689902,0.38586527253512093,0.025752016946747794,0.008470473221095872,4026.9732776417663,1.0028361516293778,0.014334290984666655,0.014607436363279165,4159.637307202731,0.3797397777559007,0.014334290984666655,0.014607436363279165,4159.637307202731,0.3797397777559007
Apple Golden 2/274_100.jpg,G2,0.029749330757643085,0.38771445616547784,129.00544328774697,0.97990219360192,0.01710114740911546,0.023741336351505174,4313.062251805638,0.2456019240612489,0.030251151873336286,0.010259185767879299,4198.7905379300255,1.1142178081477756,0.0171347917501948,0.01180205150070643,4346.196733395154,0.23978088531568947,0.0171347917501948,0.01180205150070643,4346.196733395154,0.23978088531568947
Apple Golden 2/305_100.jpg,G2,0.02705320341446635,0.35198589717687195,150.85282710757403,0.9791177498538036,0.015779174411665733,0.033379354780326116,4394.790984062367,0.326809128985054,0.0297999123257157,0.009906176768853418,4263.434730229985,1.0539994229307104,0.01659488854222549,0.009815080962913277,4437.267520637973,0.3203160072617008,0.01659488854222549,0.009815080962913277,4437.267520637973,0.3203160072617008
Apple Golden 2/12_100.jpg,G2,0.02459278593291746,0.32243820274820584,156.8290127236863,0.9776412735029586,0.014978319307568173,0.03501980900423797,4440.901809267546,0.29696424755670936,0.028604129094044507,0.010939180593760646,4303.429640017244,1.068440870997645,0.016093343659976906,0.010590002329184568,4482.2336391102635,0.29040990919143395,0.016093343659976906,0.010590002329184568,4482.2336391102635,0.29040990919143395
Apple Golden 2/r_265_100.jpg,G2,0.02271701581642299,0.2889733487803824,121.04511124719394,0.982913358029214,0.014485948441418785,0.028564996459080783,4269.946223605582,0.33756292524839326,0.025491573104532463,0.007824653085378353,4170.295474492379,1.0107936532703483,0.014533456888377691,0.011891983564691046,4311.757658483156,0.331108331569677,0.014533456888377691,0.011891983564691046,4311.757658483156,0.331108331569677
Apple Golden 2/r_185_100.jpg,G2,0.023256024868078155,0.31770589729745935,89.72470572225653,0.9841981548495822,0.014953543691962359,0.02380811690037387,3356.0988595474596,0.3402454894250554,0.026177441070184878,0.017015403192148372,3290.749729503074,1.0087193366225435,0.015121060032392586,0.01993789005090225,3399.0158944516247,0.3322696501250234,0.015121060032392586,0.01993789005090225,3399.0158944516247,0.3322696501250234
Apple Golden 2/264_100.jpg,G2,0.027518859700167583,0.37291284176717643,133.97618561611307,0.9789485780356204,0.016334942600719188,0.027669853426037616,4259.720581302756,0.24977057964292013,0.031124582983943157,0.010497902444569553,4137.3754433814265,1.1131868295886984,0.016594793913889096,0.011836308506426507,4287.066779818817,0.24494228786216818,0.016594793913889096,0.011836308506426507,4287.066779818817,0.24494228786216818
Apple Golden 2/r_311_100.jpg,G2,0.022390432097153426,0.2805789207716121,179.44131455399256,0.9754130257326338,0.015389580642155563,0.017689305377846083,4023.10168806151,0.38988125510782723,0.0247406085154151,0.015935838940552966,3903.157749381433,0.9148893145561622,0.015324475258071154,0.013418072606546752,4121.033795055807,0.3760477382332113,0.015324475258071154,0.013418072606546752,4121.033795055807,0.3760477382332113
Apple Golden 2/r_229_100.jpg,G2,0.026174340759069662,0.3578643778384533,185.41688780023256,0.9741262052874277,0.015679202132182043,0.03337388442548259,3844.29078649739,0.4152648572957125,0.025659011416318666,0.019551668277864802,3690.153687459066,1.0199549210205539,0.015402844161215628,0.019591863283147305,3906.9075572699708,0.40568167761466534,0.015402844161215628,0.019591863283147305,3906.9075572699708,0.40568167761466534
Apple Golden 2/251_100.jpg,G2,0.02766880974769322,0.3680456269588589,134.62291624141073,0.9793037855013923,0.01727170989335287,0.03057903206931523,4221.247537801449,0.2778285441419664,0.03263301407833058,0.014030948439240694,4096.060427256189,1.0873329248812036,0.017399272471416035,0.013811530693198506,4243.990311299982,0.27395061578341007,0.017399272471416035,0.013811530693198506,4243.990311299982,0.27395061578341007
Apple Golden 2/177_100.jpg,G2,0.024779480126471642,0.3153664996341012,163.51561543172159,0.9763074797661437,0.014922629123775259,0.035914453593426834,3819.7813568339125,0.39337243241786285,0.02666046856210755,0.014399541719397838,3669.7952026687503,1.0275172907616164,0.015986957903597252,0.013342669231136249,3850.823838677881,0.3885602428943926,0.015986957903597252,0.013342669231136249,3850.823838677881,0.3885602428943926
Apple Golden 2/r_28_100.jpg,G2,0.02557757051727445,0.37128524033954224,153.0068721507797,0.9779742134175209,0.014939498521728918,0.02719741331113526,4254.11735961551,0.3213853398470848,0.02716993865819089,0.012537768920072282,4126.922979018406,0.9506194993292112,0.01590281755790612,0.009228913539461139,4296.979071638023,0.31508407260886856,0.01590281755790612,0.009228913539461139,4296.979071638023,0.31508407260886856
Apple Golden 2/r_260_100.jpg,G2,0.023052831696956686,0.2965192428589194,117.90249710825437,0.9836764309612737,0.014540804698227059,0.02802292262829752,4134.690264567494,0.37408341974175036,0.02572088172741856,0.007921504784394668,4039.9833373871384,1.0052195621481788,0.014356981331808516,0.014234979660931405,4178.9934670210505,0.3674194429783613,0.014356981331808516,0.014234979660931405,4178.9934670210505,0.3674194429783613
Apple Golden 2/r_207_100.jpg,G2,0.028620401797796284,0.38537786294061516,69.52364428114574,0.9877678938015512,0.017276497916218474,0.022623276002022,3683.398767593038,0.27075489076873177,0.030875853655422142,0.01426383562020813,3630.5404957420465,1.092502422541676,0.017081858807626457,0.015999187672549403,3710.169154046034,0.26535625220571113,0.017081858807626457,0.015999187672549403,3710.169154046034,0.26535625220571113
Apple Golden 2/r_187_100.jpg,G2,0.02386953052670764,0.33198944383939283,90.27352520922656,0.9840642759019486,0.01517370669738897,0.02580406827277978,3418.6051917057694,0.32443657180678626,0.027130834386112104,0.017151946926511806,3350.5018472800284,1.0526279053402112,0.015244384065347498,0.021158268712865805,3457.9087153637433,0.3179118545480027,0.015244384065347498,0.021158268712865805,3457.9087153637433,0.3179118545480027
Apple Golden 2/195_100.jpg,G2,0.02592861316494576,0.33393077758160755,166.1169626454388,0.9743176101483824,0.016840256056333065,0.04394915995604503,4023.274427692864,0.31042961626229904,0.03219225391596695,0.011618506975968054,3864.512016572563,1.0622490142185723,0.018025530020381913,0.011561429616832408,4040.9114717846655,0.307496887062987,0.018025530020381913,0.011561429616832408,4040.9114717846655,0.307496887062987
Apple Golden 2/r_162_100.jpg,G2,0.01897925870523075,0.2364079270358645,163.03136694563543,0.9735655295882976,0.012803435387940224,0.0402183353200707,3337.996737561648,0.4080459651301776,0.021590102174094898,0.021084239991122074,3206.301601535417,0.9888243659652672,0.012587287960058645,0.026221458853356847,3396.5541689563925,0.3971619688095134,0.012587287960058645,0.026221458853356847,3396.5541689563925,0.3971619688095134
Apple Golden 2/265_100.jpg,G2,0.02822114711855687,0.3786235188658339,122.27740355174677,0.9804489332775148,0.016600552106804653,0.02620390422603692,4298.388129136002,0.22656384872549246,0.03279495647058282,0.01065585399204733,4186.4360155218255,1.1250472473189488,0.016945131786761262,0.012715383018231973,4323.083624453187,0.22212660231654108,0.016945131786761262,0.012715383018231973,4323.083624453187,0.22212660231654108
Apple Golden 2/r_234_100.jpg,G2,0.025289650114041412,0.3434897230533526,222.84983329931347,0.9714485842658248,0.015517868486931962,0.03402117720986753,3835.71556789809,0.4721808906287843,0.02618826861364733,0.016641376049745544,3644.054149106303,0.9861772523930424,0.014931051257567638,0.018806162770046975,3901.5943518879744,0.4630458186948707,0.014931051257567638,0.018806162770046975,3901.5943518879744,0.4630458186948707
Apple Golden 2/196_100.jpg,G2,0.025844468182981497,0.3321081107009806,166.10906987820735,0.9742891765187958,0.017173162932111102,0.037399857293446546,4004.695082056298,0.3128581746018073,0.03177697880093925,0.011330752053722182,3846.9941531560094,1.0647423900062676,0.017647178198398467,0.010398355997884714,4024.144708047213,0.3096498374039636,0.017647178198398467,0.010398355997884714,4024.144708047213,0.3096498374039636
Apple Golden 2/239_100.jpg,G2,0.02782602193673568,0.35928690410996483,142.7184459413495,0.9789927029922648,0.017378013627915984,0.03894128686027495,4190.396542345756,0.3188057171674509,0.03351465021382645,0.017225981321818906,4058.150127185225,1.0687755198989057,0.01777123899581067,0.019413623861284358,4216.940111248937,0.3145421868024298,0.01777123899581067,0.019413623861284358,4216.940111248937,0.3145421868024298
Apple Golden 2/315_100.jpg,G2,0.02468673147257671,0.32894242195287016,170.6814315846773,0.9762618083093043,0.01531592192051091,0.03973966881809727,4427.109672561653,0.3190138751885291,0.028475781059648368,0.012202477654668394,4276.841864062085,1.049554131583626,0.016124740074555267,0.010930848027608155,4470.859867523795,0.3121966325024146,0.016124740074555267,0.010930848027608155,4470.859867523795,0.3121966325024146
Apple Golden 2/r_116_100.jpg,G2,0.018666464492661326,0.2336470033811046,127.23304075661743,0.9799407361916389,0.012745864472196014,0.059929956502566856,3379.034925302668,0.4263773829263286,0.022921773259246277,0.013102290521297398,3265.160089262102,0.9856380546685442,0.013029923207779308,0.02355567554635615,3403.772544146482,0.4220569356328523,0.013029923207779308,0.02355567554635615,3403.772544146482,0.4220569356328523
Apple Golden 2/r_275_100.jpg,G2,0.021242120949883144,0.250608343000846,142.3311560182351,0.9796064614582684,0.01359218739023711,0.024588990691316072,4269.412218711701,0.3254249186071123,0.02285000083233919,0.007897892251376836,4154.17767695285,1.017079145213353,0.013574301686629514,0.013142317993841723,4323.73315416664,0.31686527581675106,0.013574301686629514,0.013142317993841723,4323.73315416664,0.31686527581675106
Apple Golden 2/r_103_100.jpg,G2,0.01904646411156214,0.26157806482679463,99.22814179764622,0.9851601207635996,0.012597580315658082,0.05286371077377807,3427.866438222482,0.44834930649653976,0.023537090259684035,0.01350854520218068,3341.7830697101685,0.9722390566024438,0.012696331371786836,0.024614955840179108,3452.011101446254,0.44453537597198417,0.012696331371786836,0.024614955840179108,3452.011101446254,0.44453537597198417
Apple Golden 2/r_118_100.jpg,G2,0.018438760623808653,0.22415175296181758,131.72470572225632,0.9792878496088218,0.012580146554010824,0.06489916784303226,3344.776377661567,0.43409715479723116,0.02198662398796728,0.015921627622322992,3230.776020435488,0.9924029709612807,0.012954713383043841,0.027303020399486375,3376.6663716728626,0.428763213498052,0.012954713383043841,0.027303020399486375,3376.6663716728626,0.428763213498052
Apple Golden 2/227_100.jpg,G2,0.02505871476061297,0.3312746813982811,187.29951690821255,0.9731451128619069,0.016038267637185816,0.05252502640072215,4099.039932596902,0.3541596368546434,0.03127399910310389,0.020049742632076456,3927.6708539876013,1.0685698652741302,0.016814366149821302,0.021658358674375044,4137.636561981341,0.3481042623201978,0.016814366149821302,0.021658358674375044,4137.636561981341,0.3481042623201978
Apple Golden 2/r_209_100.jpg,G2,0.029188520288042752,0.3964388120281878,65.88446621759536,0.9885842237346641,0.017369035880567037,0.02129214276281914,3693.8994677483815,0.281056597078329,0.031049024282036684,0.013538660654438485,3644.9869298508142,1.0978635806436976,0.017277414834965872,0.014336509645949385,3721.6560860221475,0.2754607302425769,0.017277414834965872,0.014336509645949385,3721.6560860221475,0.2754607302425769
Apple Golden 2/r_243_100.jpg,G2,0.02491256722774986,0.3262894657075753,141.92107232768663,0.9824915968510978,0.015461994543434604,0.028892798637667846,3872.8946750763266,0.48849034285014936,0.026054745305375472,0.010952719202129615,3755.0722267458386,0.973909778511414,0.014801424056952806,0.015062424187584897,3919.2232954616156,0.4825290281595206,0.014801424056952806,0.015062424187584897,3919.2232954616156,0.4825290281595206
Apple Golden 2/r_109_100.jpg,G2,0.018918851136403056,0.24386988780328658,108.94964958835148,0.9831776109574235,0.012812839179428019,0.057025079550324244,3424.9582559087435,0.43062583380410974,0.02399700547690024,0.013344437482849112,3326.3663869065804,0.9782432102042043,0.013047309444518927,0.02502679083228769,3444.6366329614607,0.42736536348836224,0.013047309444518927,0.02502679083228769,3444.6366329614607,0.42736536348836224
Apple Golden 2/r_282_100.jpg,G2,0.020534212331038783,0.24319191197953408,163.17935633122363,0.9770336783525155,0.013195966148666435,0.02264124450754953,4213.871025549201,0.34782689609146655,0.021849428195463698,0.007344872216356827,4081.6447169326602,1.021881897599001,0.01298777798351204,0.01305472379898561,4277.761980275436,0.33795910996858375,0.01298777798351204,0.01305472379898561,4277.761980275436,0.33795910996858375
Apple Golden 2/r_285_100.jpg,G2,0.02019158956629646,0.23830538687523853,170.66972851602281,0.9762242699208542,0.013094970568278417,0.024231691347472942,4254.1197744390765,0.347563564994248,0.021852726837292714,0.007614190744595983,4115.562199711699,1.0246043558778497,0.012996348858338396,0.011693496996006528,4319.395709990983,0.3375716187597067,0.012996348858338396,0.011693496996006528,4319.395709990983,0.3375716187597067
Apple Golden 2/0_100.jpg,G2,0.025825831656752653,0.3443679196945981,157.3592569912235,0.9780249778090251,0.015277375951912205,0.030791304619078308,4387.790525487991,0.32172835021370255,0.028229056829852314,0.010456037723152014,4250.550126571275,1.055253478823065,0.016119601510349336,0.010476048582970916,4431.331926740262,0.3149833990847507,0.016119601510349336,0.010476048582970916,4431.331926740262,0.3149833990847507
Apple Golden 2/307_100.jpg,G2,0.02613508925997577,0.3384963188362767,151.30938286725254,0.9790481315288428,0.015336760089404248,0.03464984700811786,4401.223931970901,0.32505926831202114,0.029698009861184996,0.010263659241267556,4269.817898574833,1.0525869476389496,0.016236301374960693,0.010415848528659042,4444.494113470774,0.31850197741067027,0.016236301374960693,0.010415848528659042,4444.494113470774,0.31850197741067027
Apple Golden 2/r_16_100.jpg,G2,0.02371590950401291,0.3293961352253495,119.80628699734746,0.9830260102545675,0.015397495831062043,0.02224299815267249,4140.162751942753,0.34829897740516114,0.025872275243205,0.016429281937792903,4059.6397472453195,0.9404123930333733,0.015503172433271666,0.010004712756329302,4206.39092149705,0.33645444502720856,0.015503172433271666,0.010004712756329302,4206.39092149705,0.33645444502720856
Apple Golden 2/r_21_100.jpg,G2,0.024482459301207436,0.34970586621597005,147.42648159488454,0.9790998840680516,0.015322952489899526,0.021462645301793957,4241.685317530584,0.3331483735464305,0.027600664379568717,0.014990845863484089,4128.000886166418,0.9518933046308022,0.01577393555341591,0.009906679841839995,4299.175426154526,0.32421206897805455,0.01577393555341591,0.009906679841839995,4299.175426154526,0.32421206897805455
Apple Golden 2/289_100.jpg,G2,0.02631519657479719,0.34291652491449254,152.51561543172176,0.9777470874035974,0.016050303989826598,0.028110984178785627,4301.296409390284,0.30201616685881166,0.02966831360492233,0.00855868350389224,4165.36713564018,1.07176500443013,0.016405677823414323,0.010431377810920163,4339.208936333963,0.29582623951352044,0.016405677823414323,0.010431377810920163,4339.208936333963,0.29582623951352044
Apple Golden 2/122_100.jpg,G2,0.026428251621962964,0.3516717605358358,135.77281077771048,0.9800681771983265,0.014968627039938199,0.04054516589495702,4378.80118101955,0.28335282863737243,0.026326150247581306,0.010970157739246316,4247.197918697227,1.0901524229670732,0.016367108980599527,0.012195126792369927,4391.613756293545,0.28128177768213486,0.016367108980599527,0.012195126792369927,4391.613756293545,0.28128177768213486
Apple Golden 2/16_100.jpg,G2,0.025718454558810815,0.33263869519147415,144.49697217119285,0.9789582128522814,0.015476853687898645,0.03400323815448909,4474.086386056973,0.2732142051969076,0.030245407184282643,0.010750688613040215,4346.40884464706,1.0803671486895665,0.01658172481935759,0.011101126244023526,4510.9357494485475,0.26721937658933914,0.01658172481935759,0.011101126244023526,4510.9357494485475,0.26721937658933914
Apple Golden 2/r_15_100.jpg,G2,0.0236465082854572,0.32798870724032014,127.94066816357258,0.9819636717796822,0.015594473694418002,0.020566559566960387,4154.10112671378,0.3489872421699421,0.026133344523840252,0.01451031784214433,4065.3555862795783,0.9321727163237432,0.015544331637795157,0.010065056022903526,4218.81042510339,0.3384965159060809,0.015544331637795157,0.010065056022903526,4218.81042510339,0.3384965159060809
Apple Golden 2/233_100.jpg,G2,0.025804086982107087,0.3347289466849132,166.6491120636871,0.9759971081704489,0.016553911541884316,0.05012303028778699,4106.747285346678,0.34938518285691855,0.031486350301565325,0.022899447300546966,3953.4846186394407,1.0694253916942644,0.017095412039899265,0.023470390564169122,4139.591232229773,0.3443716644966028,0.017095412039899265,0.023470390564169122,4139.591232229773,0.3443716644966028
Apple Golden 2/r_106_100.jpg,G2,0.019030232388850148,0.25717387038034695,105.35238484044399,0.9839424732566361,0.0126056686136588,0.05339124531110594,3416.080044125399,0.43937129170745715,0.023083355750688726,0.012834966377999983,3323.815843252864,0.9790821473291643,0.013030707166298713,0.023256679006008207,3440.362058969889,0.4355077271170851,0.013030707166298713,0.023256679006008207,3440.362058969889,0.4355077271170851
Apple Golden 2/r_104_100.jpg,G2,0.01899413254361981,0.26167828525310727,100.73695311968453,0.9849154988992297,0.012654920028334007,0.05333102418180371,3402.035691086132,0.452547446252166,0.023446697134389443,0.014721935427638496,3314.059487339581,0.9781352544390918,0.012817180141229855,0.022350735319107275,3424.355450504114,0.448963042091675,0.012817180141229855,0.022350735319107275,3424.355450504114,0.448963042091675
Apple Golden 2/262_100.jpg,G2,0.027718376219254496,0.37123138888778845,126.68565013268164,0.9797838480833869,0.016412381283258465,0.02809491302997277,4277.609928120231,0.23188746231421234,0.030011970050351666,0.010646239020946642,4161.064137325603,1.1355578802474482,0.01661073500883159,0.014074905385968497,4301.862339436536,0.22758424144877867,0.01661073500883159,0.014074905385968497,4301.862339436536,0.22758424144877867
Apple Golden 2/142_100.jpg,G2,0.027933045652741215,0.3625430434333451,91.94890113628726,0.9844221352368189,0.0160165254071872,0.031645821928432814,4300.563827829487,0.1756289648703997,0.028391321838101485,0.01775514920935944,4218.615300855195,1.139728372829393,0.016873329567170765,0.019622235027579323,4319.160997581574,0.17217539252415456,0.016873329567170765,0.019622235027579323,4319.160997581574,0.17217539252415456
Apple Golden 2/r_188_100.jpg,G2,0.024352154746604963,0.3364556427792127,89.46975573246331,0.9840886990643382,0.01539054280767296,0.02414903902467385,3410.9367761767235,0.31995187888673887,0.026980415783883646,0.01435543476774099,3343.2613954470185,1.0481912152659187,0.015518461928387794,0.0173943712182815,3449.2068845185845,0.31307832278397113,0.015518461928387794,0.0173943712182815,3449.2068845185845,0.31307832278397113
Apple Golden 2/114_100.jpg,G2,0.02886041544781676,0.35447717920858146,137.19344083826735,0.9798092702750059,0.01651936017415675,0.04225530307773959,4514.986344876069,0.2548892875746659,0.02904173414440641,0.00963021370831284,4384.556574466372,1.0887343622523025,0.017310693170677682,0.010710017063252126,4533.604098027979,0.25189478661542763,0.017310693170677682,0.010710017063252126,4533.604098027979,0.25189478661542763
Apple Golden 2/r_123_100.jpg,G2,0.018083321613565226,0.21980694768171727,129.29631897666144,0.9800063478871713,0.012583086793104287,0.07054824465041298,3307.8837938890592,0.4499493997979484,0.022274983871569218,0.02186067731694211,3196.3349539519286,1.0076666567155692,0.012918671766575194,0.026781830892986302,3339.4518149765777,0.4447305227638687,0.012918671766575194,0.026781830892986302,3339.4518149765777,0.4447305227638687
Apple Golden 3/r_167_100.jpg,G3,0.018514368782764235,0.25538283141156637,233.10702864530265,0.9707812446842364,0.01224579962611883,0.03609992655580637,2706.3924999518817,0.6480996041132137,0.019958349230132684,0.012424769603788877,2513.7672065967035,0.9020060010572084,0.011456291183811392,0.01920349350425335,2787.886597327178,0.6375808500633572,0.011456291183811392,0.01920349350425335,2787.886597327178,0.6375808500633572
Apple Golden 3/r_212_100.jpg,G3,0.018377269204458393,0.19988066268011473,239.08784105599946,0.9632444274855344,0.013237122239142477,0.09281502797416014,3278.4864871763257,0.4585800314836708,0.021251776079323336,0.023795198840555226,3072.351136255977,0.9754085555765957,0.012375816143802475,0.025328402758082104,3340.1746454882013,0.448381058233698,0.012375816143802475,0.025328402758082104,3340.1746454882013,0.448381058233698
Apple Golden 3/r_258_100.jpg,G3,0.022266338478556576,0.2684302879579083,193.89303939579537,0.9699478766095992,0.01519484935110401,0.1319973815028483,3417.3617606938556,0.4363457461977504,0.02413167289831222,0.0669774769681543,3269.35234789926,0.9077457535883674,0.01406370892986873,0.034944336505113166,3506.0782071997505,0.42157260756894516,0.01406370892986873,0.034944336505113166,3506.0782071997505,0.42157260756894516
Apple Golden 3/274_100.jpg,G3,0.022003590211915967,0.30538063174044755,246.76219636660437,0.9650422092484876,0.015210469338793648,0.07256691069400069,3316.4291011528253,0.4991923697507409,0.030224296679880996,0.015775401067468164,3100.872199683821,0.9490585924071764,0.015108492001800075,0.008732094801990819,3383.5741271763613,0.4890934257427674,0.015108492001800075,0.008732094801990819,3383.5741271763613,0.4890934257427674
Apple Golden 3/305_100.jpg,G3,0.022741457943791787,0.3049897517153166,223.3821187997556,0.9673111125444214,0.015783506557781046,0.10277729105270414,3429.8509421490708,0.4671481401741827,0.027493688208337776,0.049879536765843606,3230.428410462444,0.9126139003529056,0.015295450592094025,0.020612865914206403,3480.675622860724,0.4594181166472753,0.015295450592094025,0.020612865914206403,3480.675622860724,0.4594181166472753
Apple Golden 3/12_100.jpg,G3,0.021394245937631007,0.2957112657661229,253.5362318840573,0.9653895566912629,0.015131081952447412,0.1422457518967186,3330.590523138293,0.5276462579157919,0.025603160630887984,0.062167959905904936,3103.152085539512,0.8922023680423118,0.014124039751429479,0.03592084548436095,3387.3320902222067,0.5198145430086332,0.014124039751429479,0.03592084548436095,3387.3320902222067,0.5198145430086332
Apple Golden 3/r_265_100.jpg,G3,0.0233289693804412,0.29516510321468137,177.82527046336074,0.9713112284824529,0.016097814010263577,0.134593825771899,3489.265519468318,0.3973593400991013,0.02569537014397435,0.05964935958154646,3355.7596434567854,0.9124474512733804,0.015068295509320729,0.032710313914013495,3574.2886784003936,0.38266579661139905,0.015068295509320729,0.032710313914013495,3574.2886784003936,0.38266579661139905
Apple Golden 3/r_185_100.jpg,G3,0.019592114534039265,0.25315784425122007,230.59277403551735,0.961958577258811,0.013467311468419974,0.056609174967328015,3188.3217259693965,0.42953775592947463,0.021159586929265804,0.026038772925978393,2996.021969339631,0.9376686721076667,0.012389405490691684,0.021534793792337664,3255.752936215165,0.4179695174055127,0.012389405490691684,0.021534793792337664,3255.752936215165,0.4179695174055127
Apple Golden 3/264_100.jpg,G3,0.021561889708873103,0.2941008446986989,255.47805674627466,0.9650460968982179,0.014841675074707612,0.05425458392245587,3302.100569247556,0.5203237866802416,0.030088259104331647,0.01370250454015681,3072.8746148933014,0.9538597592546258,0.014735560326508107,0.008213308937413927,3362.228275805316,0.51161650633282,0.014735560326508107,0.008213308937413927,3362.228275805316,0.51161650633282
Apple Golden 3/r_311_100.jpg,G3,0.021430623335851988,0.3152477060452952,197.52031026740158,0.9726004423504377,0.014384579727422344,0.10836924151011759,2908.194358639687,0.5869587086629066,0.025168848150350847,0.03972500990879373,2737.1977547031847,0.8721798790835507,0.013596175242482331,0.03162016964949407,2965.4294517559356,0.5789426050429476,0.013596175242482331,0.03162016964949407,2965.4294517559356,0.5789426050429476
Apple Golden 3/r_229_100.jpg,G3,0.01909101503318999,0.20014625970579572,232.89399197115148,0.9674526778908149,0.013323633394595908,0.09682578483493268,3320.540248391852,0.5114437855851988,0.02186267337156436,0.03827549564439774,3129.9541414372725,0.9152228322823445,0.012830930284602105,0.030667293730228553,3398.2117516219814,0.4999708157372582,0.012830930284602105,0.030667293730228553,3398.2117516219814,0.4999708157372582
Apple Golden 3/251_100.jpg,G3,0.02240712226995305,0.3007937065548875,253.19316867387968,0.9663485915717637,0.014756084123423456,0.035755895145641,3235.7309106203343,0.544102655133275,0.02982311852665502,0.009157687232250645,3008.0272146628354,0.9682817663991445,0.01472524592732502,0.006529020586345101,3294.809677234007,0.5358114889025322,0.01472524592732502,0.006529020586345101,3294.809677234007,0.5358114889025322
Apple Golden 3/177_100.jpg,G3,0.02343435537454881,0.3109490599981926,174.94189290331497,0.9706524776809653,0.015027208290054467,0.018831370671790682,3026.906617194923,0.4527576387366844,0.027683819607352982,0.0067710333595788555,2862.457800899625,0.991949269615117,0.015123794326151357,0.007512556583892512,3052.828090397233,0.448107127932451,0.015123794326151357,0.007512556583892512,3052.828090397233,0.448107127932451
Apple Golden 3/r_28_100.jpg,G3,0.02121316916627449,0.25653109207618335,179.40212288222114,0.9673403874813318,0.014575785207570668,0.06601758900033185,2916.845127270435,0.4325439928667452,0.025452316719157625,0.028811076735629437,2758.254652061978,0.9354175199807166,0.013863662437277909,0.027650864357745105,2963.526916486744,0.4242526047454401,0.013863662437277909,0.027650864357745105,2963.526916486744,0.4242526047454401
Apple Golden 3/r_260_100.jpg,G3,0.022550671344219713,0.28089803704584154,197.58324828196217,0.9687443776421991,0.015538719006889088,0.13584183910044434,3483.2442681139055,0.4116564524442814,0.023904146269912538,0.06909016280931715,3330.5876180255273,0.9131329809575706,0.014278912817948911,0.03605876696434805,3570.034961487937,0.3964553379255969,0.014278912817948911,0.03605876696434805,3570.034961487937,0.3964553379255969
Apple Golden 3/r_207_100.jpg,G3,0.018868864704899593,0.2115074417757945,235.64326052936096,0.9617985754445296,0.013372208148301054,0.08362055753671802,3267.9129138953426,0.42883985826712423,0.021110786877596214,0.029587859999038624,3065.240476779302,0.9668402965682139,0.012349983908414767,0.024058702355936556,3328.4024125399096,0.418240406451084,0.012349983908414767,0.024058702355936556,3328.4024125399096,0.418240406451084
Apple Golden 3/r_187_100.jpg,G3,0.019744407878779777,0.25381733745135876,231.5888276519028,0.9610666247554572,0.013507688772653358,0.06541561270975675,3229.300907115801,0.40881698180290943,0.021124148278856867,0.024596658311582666,3034.747403395139,0.9389515995859453,0.012455693236622043,0.02119441880397241,3291.4777780800896,0.3983171811768077,0.012455693236622043,0.02119441880397241,3291.4777780800896,0.3983171811768077
Apple Golden 3/195_100.jpg,G3,0.02384284693738995,0.31575912364735353,197.1485337143651,0.9666095930424995,0.015808914942875122,0.021800515640375787,3121.4102611015137,0.42457638798820657,0.029003194259196074,0.006955224086253119,2940.3342934660564,1.0106669211295434,0.015528992362212647,0.007108635292091086,3161.3894616077687,0.4172823213987721,0.015528992362212647,0.007108635292091086,3161.3894616077687,0.4172823213987721
Apple Golden 3/r_162_100.jpg,G3,0.018722617768606953,0.2575111954035853,249.65904606382335,0.9709886095773181,0.01237432231936944,0.029868645845393428,2669.0796672156152,0.6818857117668995,0.020493656913556105,0.009516749911936875,2464.1968246803667,0.8880569555237054,0.011582668128430442,0.016127009920873805,2759.5627305670655,0.6711409987495536,0.011582668128430442,0.016127009920873805,2759.5627305670655,0.6711409987495536
Apple Golden 3/265_100.jpg,G3,0.021573427378020288,0.29772079238726734,255.21868408518793,0.9648313302226823,0.01474148058540529,0.05488406630960556,3277.088908938082,0.5203066814051343,0.029479737753836645,0.01205266036141953,3048.421904796328,0.953187521943848,0.014729065487541609,0.007588294592314635,3336.960038974,0.5115642865409145,0.014729065487541609,0.007588294592314635,3336.960038974,0.5115642865409145
Apple Golden 3/r_234_100.jpg,G3,0.02005545233682691,0.2163244709207833,224.67245015989832,0.9685866138983014,0.013660812404210226,0.09584769108652022,3380.8816891978654,0.5031845041121397,0.022208090494539375,0.04607059899018849,3195.985397580794,0.9039274683642534,0.012932623105515562,0.032643524099223595,3459.163382528807,0.4916694392437105,0.012932623105515562,0.032643524099223595,3459.163382528807,0.4916694392437105
Apple Golden 3/196_100.jpg,G3,0.024061788964370452,0.3209903904962027,193.8954888752811,0.9672588214548145,0.016091124186521803,0.023900458899650052,3137.8149704550356,0.4229545495660752,0.02869795347166838,0.007063645518377367,2957.3722900694343,1.0109861280975994,0.015532034058208168,0.006903182787679047,3170.891659586804,0.4169083970078429,0.015532034058208168,0.006903182787679047,3170.891659586804,0.4169083970078429
Apple Golden 3/239_100.jpg,G3,0.022896208207065782,0.30366813134427917,227.76675512009334,0.9693940472962671,0.014997841231046999,0.030669350403819903,3198.555134886741,0.5441694147193302,0.031003044827810817,0.007517625951955143,2990.729472006415,0.9731729575972703,0.015490019663737663,0.005956378757976747,3246.399298854304,0.5373917236306485,0.015490019663737663,0.005956378757976747,3246.399298854304,0.5373917236306485
Apple Golden 3/r_116_100.jpg,G3,0.022384693591932448,0.31033964265367847,295.49697217119206,0.9572579721300783,0.015062808094806548,0.021299607118181064,3069.326410549279,0.533145318168022,0.0294999441102118,0.007185895062839143,2825.18297382007,0.9397393435223883,0.015195052270308039,0.006865739037592856,3174.373526173597,0.5170572743215952,0.015195052270308039,0.006865739037592856,3174.373526173597,0.5170572743215952
Apple Golden 3/r_275_100.jpg,G3,0.023931418598213693,0.3195054969650414,191.251684017147,0.968770741356879,0.016793928491777486,0.15106784395439848,3535.534570025922,0.3836295582322985,0.027100509207963593,0.06360161163782985,3366.3846071391677,0.9046943333994438,0.015478701063770377,0.0387679875977894,3582.1886299223597,0.37556273316075744,0.015478701063770377,0.0387679875977894,3582.1886299223597,0.37556273316075744
Apple Golden 3/r_103_100.jpg,G3,0.022455417541021493,0.2992945792475578,266.102946179492,0.959035948098423,0.01502183340188136,0.022040987920578518,2983.692836304351,0.5130542824439516,0.027818868986327926,0.007700003892543083,2765.5201196649673,0.9547016980836521,0.015317758619643705,0.007314221624551589,3067.142414544426,0.49955242074817724,0.015317758619643705,0.007314221624551589,3067.142414544426,0.49955242074817724
Apple Golden 3/r_118_100.jpg,G3,0.02212230467804847,0.3081492049009305,321.9056269987079,0.9550425940998909,0.01474326913944889,0.01966647002203338,3019.048872908179,0.5591371695734381,0.027784774705543913,0.0071251242134316,2779.262121097106,0.9240708902088447,0.014677248324783197,0.00670506240958565,3170.1706564059946,0.5375079406976258,0.014677248324783197,0.00670506240958565,3170.1706564059946,0.5375079406976258
Apple Golden 3/227_100.jpg,G3,0.02282705280377003,0.30960849323223666,238.4933659930595,0.9660021402572128,0.015277441383271825,0.032381843726285824,3209.9047345000527,0.511433426829355,0.03009836537033989,0.007208313127727526,2992.5033062681814,0.9752127810452136,0.015579864051857783,0.006027414596607219,3259.52663570849,0.503927354513447,0.015579864051857783,0.006027414596607219,3259.52663570849,0.503927354513447
Apple Golden 3/r_209_100.jpg,G3,0.018473878282104707,0.2081888435265917,243.22263046880389,0.961606779648898,0.013104900027334936,0.08706188652394725,3254.602941384884,0.4480057105482189,0.020770211080438007,0.026538316343595166,3045.4694013794942,0.9675120970855517,0.012145424354126846,0.025890906194866718,3317.644399367633,0.4372831757684593,0.012145424354126846,0.025890906194866718,3317.644399367633,0.4372831757684593
Apple Golden 3/r_243_100.jpg,G3,0.0206259938474568,0.2276528675690924,223.06933387766313,0.9680688438035027,0.01393467010060601,0.09936357793529571,3361.4877099024084,0.49362872435345134,0.021997133758174272,0.05680214157722634,3184.6153951341666,0.8984848986666627,0.013014346527499897,0.030650780712311074,3449.9654674352005,0.4805959078211081,0.013014346527499897,0.030650780712311074,3449.9654674352005,0.4805959078211081
Apple Golden 3/r_109_100.jpg,G3,0.022517851225111827,0.3071623635020375,283.61230183030614,0.957688849181733,0.015075550478883462,0.017355534617987625,2996.4605176346677,0.5279179016692577,0.02818910672028108,0.008694922977546675,2773.6281461603608,0.9459529026434994,0.015253665440637715,0.006855202151670209,3101.9074015866336,0.511348343696827,0.015253665440637715,0.006855202151670209,3101.9074015866336,0.511348343696827
Apple Golden 3/r_282_100.jpg,G3,0.02408573138373107,0.3326095070254375,201.49935360958,0.9674828495509677,0.01677608578841724,0.15322036054002244,3479.138636529603,0.4046557848136824,0.028627090799206754,0.06388680338966274,3294.2118292661103,0.8967530201543618,0.015435782260643103,0.03854178895603142,3514.878886807928,0.39858337669563404,0.015435782260643103,0.03854178895603142,3514.878886807928,0.39858337669563404
Apple Golden 3/r_285_100.jpg,G3,0.023472945742825945,0.3289283735444493,240.1927604272979,0.9625326453159856,0.01641246436988171,0.13892673767773508,3374.821634121892,0.44830864892761496,0.027515242306442162,0.05581178707706765,3163.1731273942337,0.8823547454020034,0.014906436125424069,0.03941760324650546,3427.3197441707493,0.4398631802080624,0.014906436125424069,0.03941760324650546,3427.3197441707493,0.4398631802080624
Apple Golden 3/0_100.jpg,G3,0.022219611674080885,0.2984452049403377,230.64931618697716,0.9673823931538925,0.015690335283876502,0.135149031921924,3351.520425483838,0.501942508560406,0.027924959514558128,0.06863031132316139,3144.617337049865,0.906727826055827,0.01477146789640304,0.03248038525994586,3403.097521924576,0.49448199882674465,0.01477146789640304,0.03248038525994586,3403.097521924576,0.49448199882674465
Apple Golden 3/307_100.jpg,G3,0.02276297581326894,0.3065718888533254,224.7643736817039,0.9674489096611268,0.015501878541905992,0.10468666284906565,3405.679330990271,0.47772828498087105,0.027640568529271037,0.049404390851344855,3203.586642111152,0.9101841984606636,0.015300392499683253,0.018941429439872436,3455.3929571021376,0.47030249211742575,0.015300392499683253,0.018941429439872436,3455.3929571021376,0.47030249211742575
Apple Golden 3/r_16_100.jpg,G3,0.021450056944385454,0.281536220793578,128.96625161597674,0.9769987550242464,0.014378778518369596,0.08047355836030551,2944.084392922915,0.439718454845278,0.024106206558532673,0.0369190570691972,2831.5653590550082,0.9332610070672014,0.013570300772578845,0.033830824564209494,2980.7833008838447,0.43294346404939027,0.013570300772578845,0.033830824564209494,2980.7833008838447,0.43294346404939027
Apple Golden 3/r_21_100.jpg,G3,0.021864125363175384,0.269748091255009,148.94801660202756,0.9727261028778513,0.014765273249174812,0.07140648476868208,2947.7024133092,0.4224258606607145,0.024505445196180305,0.03613715671654924,2815.509917581688,0.9341186050975773,0.013859858400561755,0.035540604158774955,2986.034443302275,0.4151457952089083,0.013859858400561755,0.035540604158774955,2986.034443302275,0.4151457952089083
Apple Golden 3/289_100.jpg,G3,0.022467732708241876,0.3103638707955275,226.28604477104204,0.9667486522295907,0.015449197041271595,0.09981816019593198,3415.443645886809,0.4621000750600744,0.02732006869490367,0.04287443406824241,3220.367456754009,0.9388496556933378,0.015038040589417795,0.016060141638777756,3473.5252951789316,0.45311918992150435,0.015038040589417795,0.016060141638777756,3473.5252951789316,0.45311918992150435
Apple Golden 3/122_100.jpg,G3,0.024334230271904813,0.3023258506802394,218.06470708307884,0.9651351881081305,0.015736295088370714,0.03351058057271732,3131.3444295037452,0.46704232075936886,0.02897556302105294,0.008591480453854092,2939.981873715639,0.9490367428045317,0.015402946361707023,0.009336656180770583,3191.7969162031727,0.4567948055481556,0.015402946361707023,0.009336656180770583,3191.7969162031727,0.4567948055481556
Apple Golden 3/16_100.jpg,G3,0.021694175764859536,0.29828985954726384,246.50438865074446,0.9662527832672471,0.015243725630499009,0.1403714517976448,3309.3372287364878,0.5308214596826921,0.02533298903606781,0.0620301144422287,3088.0249298089643,0.8807398769910109,0.01408100009201961,0.036172067045145515,3366.0130651017103,0.5232620986833254,0.01408100009201961,0.036172067045145515,3366.0130651017103,0.5232620986833254
Apple Golden 3/r_15_100.jpg,G3,0.02138629197200544,0.28649410795533975,125.79648907940444,0.9777018748839436,0.014067854695295695,0.07224670464494198,2922.913643891121,0.44795399658141344,0.024058223027469287,0.03148787847899363,2813.3611788030607,0.9356414400791045,0.01340678092208988,0.03161581549592052,2959.7542974977437,0.4412170639683774,0.01340678092208988,0.03161581549592052,2959.7542974977437,0.4412170639683774
Apple Golden 3/233_100.jpg,G3,0.022607313573784104,0.29612164419783765,238.4967000068052,0.9671433986944906,0.015100926031078338,0.0349342141307645,3183.5329622104264,0.5345140231137665,0.03077117355508742,0.007312739423232882,2965.6009114337467,0.9701226788800947,0.01559688660949083,0.005803334600459728,3233.79381578862,0.5272038070652915,0.01559688660949083,0.005803334600459728,3233.79381578862,0.5272038070652915
Apple Golden 3/r_106_100.jpg,G3,0.022809553596756512,0.30893801483002253,253.20548411240273,0.9613068345861623,0.015372469447730398,0.01833408475069622,3032.944505100961,0.5079463871953239,0.027892882287596083,0.0068103677109825796,2823.721553362447,0.9565497784903462,0.015465440936147492,0.006563824124470102,3112.062120783216,0.4953588026439514,0.015465440936147492,0.006563824124470102,3112.062120783216,0.4953588026439514
Apple Golden 3/r_104_100.jpg,G3,0.02254091761538607,0.29789242573343533,263.8492209294412,0.9595283630918987,0.014943470387720145,0.022601691952734617,3002.138059926665,0.5114512138748941,0.02763754033391881,0.007774181973739271,2784.0208282889485,0.956152829807589,0.015316052995637087,0.007068431082361667,3085.1905317715755,0.4982681165843427,0.015316052995637087,0.007068431082361667,3085.1905317715755,0.4982681165843427
Apple Golden 3/262_100.jpg,G3,0.02153831220463986,0.2920275763973107,269.1096822480781,0.9637473431488716,0.014661445388391077,0.05104910662471491,3261.9771517177755,0.535110236337578,0.030443902004653214,0.01145526202308598,3024.12590318862,0.9481263121680328,0.014620263966061538,0.006843006312372081,3328.6597740488455,0.5257063540436879,0.014620263966061538,0.006843006312372081,3328.6597740488455,0.5257063540436879
Apple Golden 3/142_100.jpg,G3,0.021804968841953282,0.29267578587823756,221.19133156426585,0.9675791123520056,0.013751926544848967,0.026455467488761538,3057.6742720003717,0.526603877687449,0.0253160498353122,0.007772853451484674,2861.287590477696,0.9422133937666669,0.01395694365861126,0.007519207700195792,3115.2022948864387,0.5177329411483914,0.01395694365861126,0.007519207700195792,3115.2022948864387,0.5177329411483914
Apple Golden 3/r_188_100.jpg,G3,0.0196267017615278,0.24642399373015197,231.60583792610655,0.9608750385654495,0.013692281910785037,0.06354191109717107,3259.4062257207725,0.40081960648400333,0.021508505945319476,0.02793492783209339,3064.2280793766545,0.9408279051420497,0.012478645942643482,0.023565361362175696,3322.2415785368885,0.3894495537042521,0.012478645942643482,0.023565361362175696,3322.2415785368885,0.3894495537042521
Apple Golden 3/114_100.jpg,G3,0.02419093047940002,0.3109209969022376,198.30114989453685,0.9654953462367104,0.015598042267058144,0.03379129259114326,3204.525492514538,0.3971368096758317,0.02920105942174412,0.008781144135063649,3027.3150214552197,0.9796110664930451,0.01561192711223755,0.009646102882566246,3254.7784789287425,0.38776804550552346,0.01561192711223755,0.009646102882566246,3254.7784789287425,0.38776804550552346
Apple Golden 3/r_123_100.jpg,G3,0.022284004570258763,0.3053296273546875,321.17969653670934,0.9567586484599601,0.014943241381673333,0.020044169171106383,2986.0894152155174,0.5831835287358743,0.0282687784646104,0.00696790877787117,2732.62627174353,0.9113733770386018,0.014944713647413455,0.006762365649829614,3116.747078913462,0.5650256127743485,0.014944713647413455,0.006762365649829614,3116.747078913462,0.5650256127743485
Apple Golden 3/r_186_100.jpg,G3,0.019579941370102803,0.2454251788271534,228.7206232564468,0.9619493778972289,0.01344685474161648,0.06484885693945024,3212.1335565489817,0.4193334372094162,0.021269978069503506,0.027229330237791928,3024.856762918909,0.9367115579011757,0.012374907061873275,0.022199477769281904,3283.5370810047916,0.4068838749900561,0.012374907061873275,0.022199477769281904,3283.5370810047916,0.4068838749900561
